{
	"1":"ABHIJEET KUMAR",
	"2":"Aditi Prachi",
	"3":"Aiciri Hegde",
	"4":"Aishwarya S",
	"5":"Anish S Madan",
	"6":"ANURAG KUMAR",
	"7":"Apeksha S",
	"8":"Avikant",
	"9":"B Varaprasad",
	"10":"D Ashalatha",
	"11":"EKLAVYA BAJPAI",
	"12":"Not Available",
	"13":"G.Rohit Reddy",
	"14":"Gopal Gaur",
	"15":"Goutam Ambappa",
	"16":"Harsh",
	"17":"Harsh Gautam",
	"18":"Harshita Saxena",
	"19":"karthik p",
	"20":"Kavya G",
	"21":"Keerthi Ravikumar",
	"22":"Krithik M",
	"23":"Likith Reddy S",
	"24":"M.Esha",
	"25":"madhiraju",
	"26":"MANJUNATHA",
	"27":"Mihir aryan",
	"28":"Mohit Chauhan",
	"29":"Navya G",
	"30":"Neeraj Kumar",
	"31":"Neeraj Kumar.S",
	"32":"Nehal modi",
	"33":"Nikitha.P.S",
	"34":"Umesh",
	"35":"P. MD Sameer",
	"36":"Prajna S",
	"37":"Prajwal M D",
	"38":"Rahul jairam",
	"39":"Rameez Ali Mohommed",
	"40":"RAVI RANJAN KUMAR JHA",
	"41":"Reddy Rekha B",
	"42":"Ritesh kumar",
	"43":"RITIK KOUL",
	"44":"Rohan Guptha M S",
	"45":"Rudra Raman",
	"46":"Sahana N",
	"47":"Samiksha",
	"48":"SHATRUNJAY PRATAP",
	"49":"Shivanshu Sharma",
	"50":"shubham",
	"51":"Soumya",
	"52":"Srinidhi ",
	"53":"Ujwal GB",
	"54":"Umer Farooq",
	"55":"V N Pratiksha",
	"56":"Vaibhav Sharma",
	"59":"Viknes Pranav N",
	"60":"Vipul Gupta",
	"61":"Yash Kumar",
	"62":"Yashas S K",
	"63":"Udaykumar kv",
	"64":"Sameer Ahmed",
	"65":"Mohamed Junaid",
	"66":"Shravan n",
	"67":"Muthu S",
	"68":"Sumit"
}